Time,Country Name,GDP per capita growth (annual %) [NY.GDP.PCAP.KD.ZG],"Foreign direct investment, net inflows (% of GDP) [BX.KLT.DINV.WD.GD.ZS]","Foreign direct investment, net outflows (% of GDP) [BM.KLT.DINV.WD.GD.ZS]","Services, value added (annual % growth) [NV.SRV.TOTL.KD.ZG]","Manufacturing, value added (annual % growth) [NV.IND.MANF.KD.ZG]","Inflation, consumer prices (annual %) [FP.CPI.TOTL.ZG]",Poland Base,1996,1997,1998,1999,2000,2001,2002,2003,2004,2005,2006,2007,2008,2009,2010,2011,2012,2013,2014,2015,2016,2017,2018,2019,2020,2021,2022,2023,Adj YoY Ex Rate
1996,Czechia,4.289887594,2.116802694,0.22815179,3.866267098,8.444589367,2.506186338,0,1,0,0,0,0,0,0,0,0,0,0,0,0,0,0,0,0,0,0,0,0,0,0,0,0,0,0,0,0.051626977
1997,Czechia,-0.488660018,2.057079795,0.044224502,1.057218982,3.016062387,7.563891547,0,0,1,0,0,0,0,0,0,0,0,0,0,0,0,0,0,0,0,0,0,0,0,0,0,0,0,0,0,0.058806697
1998,Czechia,-0.298733211,5.507252026,0.186570298,0.544078934,1.808723489,9.638068306,0,0,0,1,0,0,0,0,0,0,0,0,0,0,0,0,0,0,0,0,0,0,0,0,0,0,0,0,0,0.001994896
1999,Czechia,1.481997834,9.624832321,0.137194818,3.045744123,6.091594723,5.171570643,0,0,0,0,1,0,0,0,0,0,0,0,0,0,0,0,0,0,0,0,0,0,0,0,0,0,0,0,0,0.095050256
2000,Czechia,4.302739523,8.020953141,0.068641646,4.975789238,8.966985645,14.77835249,0,0,0,0,0,1,0,0,0,0,0,0,0,0,0,0,0,0,0,0,0,0,0,0,0,0,0,0,0,-0.023687032
2001,Czechia,3.30462713,8.278685008,0.241689389,3.237899564,3.803946745,9.431929604,0,0,0,0,0,0,1,0,0,0,0,0,0,0,0,0,0,0,0,0,0,0,0,0,0,0,0,0,0,0.011224205
2002,Czechia,1.709469589,10.28547168,0.255903678,1.026120572,4.427515332,0.910499616,0,0,0,0,0,0,0,1,0,0,0,0,0,0,0,0,0,0,0,0,0,0,0,0,0,0,0,0,0,0.06817251
2003,Czechia,3.330406374,2.012502749,0.207077042,3.514686305,0.802572661,8.82042375,0,0,0,0,0,0,0,0,1,0,0,0,0,0,0,0,0,0,0,0,0,0,0,0,0,0,0,0,0,0.11145207
2004,Czechia,4.704468201,5.346298314,2.066769016,3.221603944,9.1235218,29.67814787,0,0,0,0,0,0,0,0,0,1,0,0,0,0,0,0,0,0,0,0,0,0,0,0,0,0,0,0,0,-0.008601884
2005,Czechia,6.227986282,10.00272913,1.530856725,4.786843145,14.79963234,18.15088052,0,0,0,0,0,0,0,0,0,0,1,0,0,0,0,0,0,0,0,0,0,0,0,0,0,0,0,0,0,0.017151374
2006,Czechia,6.334832682,4.564883006,1.977349487,4.645700468,21.23999182,14.2854848,0,0,0,0,0,0,0,0,0,0,0,1,0,0,0,0,0,0,0,0,0,0,0,0,0,0,0,0,0,0.053023238
2007,Czechia,4.875046702,7.269840533,2.55309454,6.25786935,7.292589312,11.02904627,0,0,0,0,0,0,0,0,0,0,0,0,1,0,0,0,0,0,0,0,0,0,0,0,0,0,0,0,0,0.051033261
2008,Czechia,1.764708729,3.727340175,2.772762948,2.271420766,8.749901722,4.212347555,0,0,0,0,0,0,0,0,0,0,0,0,0,1,0,0,0,0,0,0,0,0,0,0,0,0,0,0,0,0.033757617
2009,Czechia,-5.339173999,2.547019253,1.604126307,-4.550991389,-11.72372766,-9.82704773,0,0,0,0,0,0,0,0,0,0,0,0,0,0,1,0,0,0,0,0,0,0,0,0,0,0,0,0,0,0.13873241
2010,Czechia,2.415829489,4.815029855,2.485865216,2.503901984,11.60520404,14.65750679,0,0,0,0,0,0,0,0,0,0,0,0,0,0,0,1,0,0,0,0,0,0,0,0,0,0,0,0,0,-0.042548206
2011,Czechia,1.562186191,1.809941553,0.689707294,0.48197063,11.10857186,9.162518043,0,0,0,0,0,0,0,0,0,0,0,0,0,0,0,0,1,0,0,0,0,0,0,0,0,0,0,0,0,0.00312297
2012,Czechia,-0.909418388,4.484243808,1.546170161,0.709210072,-3.877804804,4.281161435,0,0,0,0,0,0,0,0,0,0,0,0,0,0,0,0,0,1,0,0,0,0,0,0,0,0,0,0,0,0.017105788
2013,Czechia,-0.074962995,3.453867264,3.632240951,1.118278376,-0.922674027,0.258605078,0,0,0,0,0,0,0,0,0,0,0,0,0,0,0,0,0,0,1,0,0,0,0,0,0,0,0,0,0,-0.039952405
2014,Czechia,2.137627553,3.835101534,1.931725937,2.373864766,3.487395208,8.726342031,0,0,0,0,0,0,0,0,0,0,0,0,0,0,0,0,0,0,0,1,0,0,0,0,0,0,0,0,0,-0.019145349
2015,Czechia,4.752624064,0.898913492,1.970384504,3.913512112,7.815780329,5.911733169,0,0,0,0,0,0,0,0,0,0,0,0,0,0,0,0,0,0,0,0,1,0,0,0,0,0,0,0,0,-0.057571002
2016,Czechia,2.384054255,5.475664214,1.584170255,3.048465643,4.513501347,4.137442637,0,0,0,0,0,0,0,0,0,0,0,0,0,0,0,0,0,0,0,0,0,1,0,0,0,0,0,0,0,-0.031953558
2017,Czechia,4.894550195,5.07066241,4.242697316,5.034922836,8.350091287,7.102754528,0,0,0,0,0,0,0,0,0,0,0,0,0,0,0,0,0,0,0,0,0,0,1,0,0,0,0,0,0,0.027044269
2018,Czechia,2.486987701,3.303539983,2.412741286,3.869429644,1.961048757,3.501775967,0,0,0,0,0,0,0,0,0,0,0,0,0,0,0,0,0,0,0,0,0,0,0,1,0,0,0,0,0,0.042468559
2019,Czechia,3.158748029,4.187057376,1.859971398,4.199610556,4.416740749,1.311570129,0,0,0,0,0,0,0,0,0,0,0,0,0,0,0,0,0,0,0,0,0,0,0,0,1,0,0,0,0,0.04485265
2020,Czechia,-5.534919698,3.391140662,0.831229366,-3.185807944,-10.72897618,-8.516125804,0,0,0,0,0,0,0,0,0,0,0,0,0,0,0,0,0,0,0,0,0,0,0,0,0,1,0,0,0,0.003636597
2021,Czechia,5.931069689,4.430295246,3.967694098,5.69717068,1.595653842,8.153089452,0,0,0,0,0,0,0,0,0,0,0,0,0,0,0,0,0,0,0,0,0,0,0,0,0,0,1,0,0,0.005992872
2022,Czechia,1.244094732,3.029375173,1.879369422,2.874693705,8.309905591,5.14899737,0,0,0,0,0,0,0,0,0,0,0,0,0,0,0,0,0,0,0,0,0,0,0,0,0,0,0,1,0,0.044008552
2023,Czechia,-1.820884038,3.464845707,2.4615591,1.656570868,2.71079595,2.731691221,0,0,0,0,0,0,0,0,0,0,0,0,0,0,0,0,0,0,0,0,0,0,0,0,0,0,0,0,1,0.090564997
1996,Estonia,6.502782208,3.465317037,1.162736809,5.925874207,-0.444531451,2.573126455,0,1,0,0,0,0,0,0,0,0,0,0,0,0,0,0,0,0,0,0,0,0,0,0,0,0,0,0,0,0.093224116
1997,Estonia,14.34721605,5.316787872,2.80170558,11.13926326,20.16690407,25.42723864,0,0,1,0,0,0,0,0,0,0,0,0,0,0,0,0,0,0,0,0,0,0,0,0,0,0,0,0,0,0.205263126
1998,Estonia,5.346902251,10.49664237,0.376362232,5.441104118,4.885780015,13.16092497,0,0,0,1,0,0,0,0,0,0,0,0,0,0,0,0,0,0,0,0,0,0,0,0,0,0,0,0,0,0.125214753
1999,Estonia,-0.717824691,5.660895535,1.79994846,2.554308714,-0.963876511,0.474188698,0,0,0,0,1,0,0,0,0,0,0,0,0,0,0,0,0,0,0,0,0,0,0,0,0,0,0,0,0,0.042400476
2000,Estonia,9.556422589,7.319237666,1.623637457,6.079448467,20.53592561,-6.950077695,0,0,0,0,0,1,0,0,0,0,0,0,0,0,0,0,0,0,0,0,0,0,0,0,0,0,0,0,0,0.093403932
2001,Estonia,6.557319678,9.485901773,4.007157663,5.768785893,13.12008538,6.3328066,0,0,0,0,0,0,1,0,0,0,0,0,0,0,0,0,0,0,0,0,0,0,0,0,0,0,0,0,0,0.041187321
2002,Estonia,7.612500411,4.589264189,2.519042355,5.873396488,7.503408335,2.820670124,0,0,0,0,0,0,0,1,0,0,0,0,0,0,0,0,0,0,0,0,0,0,0,0,0,0,0,0,0,-0.033300146
2003,Estonia,8.273723957,10.51217154,2.7830309,7.205003923,7.491368111,10.17254479,0,0,0,0,0,0,0,0,1,0,0,0,0,0,0,0,0,0,0,0,0,0,0,0,0,0,0,0,0,0.030052125
2004,Estonia,7.441089885,8.94665953,3.196564599,7.267815731,3.126967645,17.2923112,0,0,0,0,0,0,0,0,0,1,0,0,0,0,0,0,0,0,0,0,0,0,0,0,0,0,0,0,0,0.025312928
2005,Estonia,10.15160233,21.67022416,5.991151939,9.074867074,9.707392535,19.92239206,0,0,0,0,0,0,0,0,0,0,1,0,0,0,0,0,0,0,0,0,0,0,0,0,0,0,0,0,0,0.033428109
2006,Estonia,10.41170436,10.32656834,8.493814252,9.309916186,10.94027713,9.529445407,0,0,0,0,0,0,0,0,0,0,0,1,0,0,0,0,0,0,0,0,0,0,0,0,0,0,0,0,0,0.02192711
2007,Estonia,8.062766014,13.51051327,10.63434805,6.347812985,4.892800356,12.61542988,0,0,0,0,0,0,0,0,0,0,0,0,1,0,0,0,0,0,0,0,0,0,0,0,0,0,0,0,0,0.012041929
2008,Estonia,-4.870579153,8.122539719,5.298618496,-3.151887205,-3.67629054,0.897882662,0,0,0,0,0,0,0,0,0,0,0,0,0,1,0,0,0,0,0,0,0,0,0,0,0,0,0,0,0,0.01545735
2009,Estonia,-14.46549815,9.505441711,6.941961755,-12.30865689,-23.13935037,-20.30854863,0,0,0,0,0,0,0,0,0,0,0,0,0,0,1,0,0,0,0,0,0,0,0,0,0,0,0,0,0,0.038790891
2010,Estonia,2.683661651,13.27703301,6.358325337,1.392576798,19.53184497,24.21722123,0,0,0,0,0,0,0,0,0,0,0,0,0,0,0,1,0,0,0,0,0,0,0,0,0,0,0,0,0,0.057661768
2011,Estonia,7.93414725,4.802404493,-5.88420126,5.513305358,14.86364921,24.17302844,0,0,0,0,0,0,0,0,0,0,0,0,0,0,0,0,1,0,0,0,0,0,0,0,0,0,0,0,0,0.01357054
2012,Estonia,4.04377186,7.691656795,5.514663318,3.599383765,1.271342871,4.82627135,0,0,0,0,0,0,0,0,0,0,0,0,0,0,0,0,0,1,0,0,0,0,0,0,0,0,0,0,0,-0.028663721
2013,Estonia,2.119282,4.313939306,3.344620274,1.854406886,3.094751252,2.80031738,0,0,0,0,0,0,0,0,0,0,0,0,0,0,0,0,0,0,1,0,0,0,0,0,0,0,0,0,0,0.012447221
2014,Estonia,3.594115908,6.585116181,4.201377852,2.88616881,5.644205315,2.640413083,0,0,0,0,0,0,0,0,0,0,0,0,0,0,0,0,0,0,0,1,0,0,0,0,0,0,0,0,0,-0.009580272
2015,Estonia,1.77141702,-3.069105193,-2.467065235,2.098346038,2.383885963,-1.505828057,0,0,0,0,0,0,0,0,0,0,0,0,0,0,0,0,0,0,0,0,1,0,0,0,0,0,0,0,0,0.027486742
2016,Estonia,3.063010903,3.769232561,1.489183488,2.936303068,4.261236566,4.825692662,0,0,0,0,0,0,0,0,0,0,0,0,0,0,0,0,0,0,0,0,0,1,0,0,0,0,0,0,0,0.007526526
2017,Estonia,5.506857314,6.318927212,2.368362777,6.584782411,4.02170414,4.832045758,0,0,0,0,0,0,0,0,0,0,0,0,0,0,0,0,0,0,0,0,0,0,1,0,0,0,0,0,0,-0.025592508
2018,Estonia,3.339409364,4.080158322,-0.687171158,4.20812583,4.86518977,2.895874576,0,0,0,0,0,0,0,0,0,0,0,0,0,0,0,0,0,0,0,0,0,0,0,1,0,0,0,0,0,0.00859503
2019,Estonia,3.341963617,9.768193646,5.942807953,2.766725524,6.095565685,5.034486698,0,0,0,0,0,0,0,0,0,0,0,0,0,0,0,0,0,0,0,0,0,0,0,0,1,0,0,0,0,0.01615054
2020,Estonia,-3.075480078,12.01477529,1.220968737,-2.103316783,-6.177826026,-4.117140116,0,0,0,0,0,0,0,0,0,0,0,0,0,0,0,0,0,0,0,0,0,0,0,0,0,1,0,0,0,0.036002598
2021,Estonia,7.040926485,20.30639491,17.04874377,6.501985408,12.01930341,22.12518171,0,0,0,0,0,0,0,0,0,0,0,0,0,0,0,0,0,0,0,0,0,0,0,0,0,0,1,0,0,-0.000667434
2022,Estonia,-1.268031117,4.893201225,4.464070871,3.300599474,-7.315522098,5.041791433,0,0,0,0,0,0,0,0,0,0,0,0,0,0,0,0,0,0,0,0,0,0,0,0,0,0,0,1,0,0.001484435
2023,Estonia,-4.540800666,12.95869166,5.341698109,-1.046109007,-4.529089314,-8.9759636,0,0,0,0,0,0,0,0,0,0,0,0,0,0,0,0,0,0,0,0,0,0,0,0,0,0,0,0,1,0.017078332
1996,Hungary,0.273327489,7.022575058,0.036666065,0.99288329,4.553695843,9.177195483,0,1,0,0,0,0,0,0,0,0,0,0,0,0,0,0,0,0,0,0,0,0,0,0,0,0,0,0,0,0.069129945
1997,Hungary,3.185546317,8.785336301,1.002975113,-0.056518204,13.99070807,22.75722756,0,0,1,0,0,0,0,0,0,0,0,0,0,0,0,0,0,0,0,0,0,0,0,0,0,0,0,0,0,0.065575318
1998,Hungary,4.090022567,6.685854301,0.478825258,1.630449548,9.671703579,15.4134377,0,0,0,1,0,0,0,0,0,0,0,0,0,0,0,0,0,0,0,0,0,0,0,0,0,0,0,0,0,-0.052880077
1999,Hungary,3.378474268,6.885581573,1.006322861,1.8667767,6.121255538,11.74610037,0,0,0,0,1,0,0,0,0,0,0,0,0,0,0,0,0,0,0,0,0,0,0,0,0,0,0,0,0,0.008987045
2000,Hungary,4.680946506,5.812072105,1.281929561,5.270282944,4.572601394,24.92488227,0,0,0,0,0,1,0,0,0,0,0,0,0,0,0,0,0,0,0,0,0,0,0,0,0,0,0,0,0,0.037290883
2001,Hungary,4.300996768,7.544264732,0.967077739,3.711779693,4.586622595,8.743577938,0,0,0,0,0,0,1,0,0,0,0,0,0,0,0,0,0,0,0,0,0,0,0,0,0,0,0,0,0,0.005827093
2002,Hungary,5.028710608,5.386780909,1.734141596,5.138233987,7.242330716,5.662568817,0,0,0,0,0,0,0,1,0,0,0,0,0,0,0,0,0,0,0,0,0,0,0,0,0,0,0,0,0,0.021191856
2003,Hungary,4.236919635,4.880252995,4.87049144,4.249704443,8.393959344,6.197235233,0,0,0,0,0,0,0,0,1,0,0,0,0,0,0,0,0,0,0,0,0,0,0,0,0,0,0,0,0,-0.004159037
2004,Hungary,5.19581259,4.362912778,1.585822061,2.005581046,6.05314602,18.05341488,0,0,0,0,0,0,0,0,0,1,0,0,0,0,0,0,0,0,0,0,0,0,0,0,0,0,0,0,0,0.084301841
2005,Hungary,4.507920786,24.30602881,17.74017741,4.85581537,5.291290022,12.78254307,0,0,0,0,0,0,0,0,0,0,1,0,0,0,0,0,0,0,0,0,0,0,0,0,0,0,0,0,0,0.099931794
2006,Hungary,4.095899965,16.15748765,15.84634198,4.724703769,6.734361908,19.52934496,0,0,0,0,0,0,0,0,0,0,0,1,0,0,0,0,0,0,0,0,0,0,0,0,0,0,0,0,0,0.031838495
2007,Hungary,0.487904818,50.40652303,48.72764832,0.371651003,6.163392191,16.14379229,0,0,0,0,0,0,0,0,0,0,0,0,1,0,0,0,0,0,0,0,0,0,0,0,0,0,0,0,0,0.066819494
2008,Hungary,1.170428844,47.23642119,46.54329659,0.931032969,-3.413680295,6.698324277,0,0,0,0,0,0,0,0,0,0,0,0,0,1,0,0,0,0,0,0,0,0,0,0,0,0,0,0,0,0.013493741
2009,Hungary,-6.595586428,-2.282804956,-2.862564866,-3.301195157,-17.72162296,-10.71705771,0,0,0,0,0,0,0,0,0,0,0,0,0,0,1,0,0,0,0,0,0,0,0,0,0,0,0,0,0,-0.051880741
2010,Hungary,1.296636608,-15.88543803,-18.72801585,2.220955342,9.334995173,11.11752761,0,0,0,0,0,0,0,0,0,0,0,0,0,0,0,1,0,0,0,0,0,0,0,0,0,0,0,0,0,0.111281939
2011,Hungary,2.205910345,7.454421455,6.416686147,1.977986284,0.47896219,6.413957094,0,0,0,0,0,0,0,0,0,0,0,0,0,0,0,0,1,0,0,0,0,0,0,0,0,0,0,0,0,0.029165673
2012,Hungary,-0.828646516,8.305498508,6.229514364,0.642707264,-1.35386271,-1.701496584,0,0,0,0,0,0,0,0,0,0,0,0,0,0,0,0,0,1,0,0,0,0,0,0,0,0,0,0,0,-0.060351833
2013,Hungary,2.524393053,-2.749863953,-2.775303041,3.587853118,-2.06986267,4.07872345,0,0,0,0,0,0,0,0,0,0,0,0,0,0,0,0,0,0,1,0,0,0,0,0,0,0,0,0,0,0.007279241
2014,Hungary,4.755551698,9.126502233,6.541175083,2.986607514,7.157123084,9.202077568,0,0,0,0,0,0,0,0,0,0,0,0,0,0,0,0,0,0,0,1,0,0,0,0,0,0,0,0,0,-0.004242754
2015,Hungary,4.033108739,-4.36725591,-6.501218883,2.152794996,8.707119762,7.362772084,0,0,0,0,0,0,0,0,0,0,0,0,0,0,0,0,0,0,0,0,1,0,0,0,0,0,0,0,0,-0.02875949
2016,Hungary,2.837490398,53.84676368,51.6782405,3.562135268,0.325487089,3.802219701,0,0,0,0,0,0,0,0,0,0,0,0,0,0,0,0,0,0,0,0,0,1,0,0,0,0,0,0,0,-0.009368061
2017,Hungary,4.477435682,-8.631354962,-10.09532435,4.368790132,3.246186326,6.479729328,0,0,0,0,0,0,0,0,0,0,0,0,0,0,0,0,0,0,0,0,0,0,1,0,0,0,0,0,0,-0.041699976
2018,Hungary,5.821463618,-40.10824602,-42.15117936,6.513125321,2.553316821,4.990492755,0,0,0,0,0,0,0,0,0,0,0,0,0,0,0,0,0,0,0,0,0,0,0,1,0,0,0,0,0,-0.043732739
2019,Hungary,5.208764134,59.57754938,59.57256808,5.183730983,1.917004878,5.457039854,0,0,0,0,0,0,0,0,0,0,0,0,0,0,0,0,0,0,0,0,0,0,0,0,1,0,0,0,0,0.006773687
2020,Hungary,-4.09730738,105.6357555,103.8005964,-3.049554546,-7.400022877,-6.141894495,0,0,0,0,0,0,0,0,0,0,0,0,0,0,0,0,0,0,0,0,0,0,0,0,0,1,0,0,0,0.01896499
2021,Hungary,7.662531754,18.28668555,16.10935952,8.737487699,7.025654993,8.272192824,0,0,0,0,0,0,0,0,0,0,0,0,0,0,0,0,0,0,0,0,0,0,0,0,0,0,1,0,0,-0.0071926
2022,Hungary,4.551055711,-1.078320207,-3.354210773,7.521745887,4.086954586,10.65983845,0,0,0,0,0,0,0,0,0,0,0,0,0,0,0,0,0,0,0,0,0,0,0,0,0,0,0,1,0,-0.009890033
2023,Hungary,-0.709301494,-33.09791743,-34.1621776,0.287016416,-4.10851537,1.695520047,0,0,0,0,0,0,0,0,0,0,0,0,0,0,0,0,0,0,0,0,0,0,0,0,0,0,0,0,1,-0.040534946
1996,Latvia,3.458756261,5.713492254,-0.81650631,2.552435196,3.737026041,18.60065583,0,1,0,0,0,0,0,0,0,0,0,0,0,0,0,0,0,0,0,0,0,0,0,0,0,0,0,0,0,0.004149815
1997,Latvia,10.2650978,7.470752326,-0.639674329,7.964196727,16.65945789,12.74794359,0,0,1,0,0,0,0,0,0,0,0,0,0,0,0,0,0,0,0,0,0,0,0,0,0,0,0,0,0,-0.048155075
1998,Latvia,7.559434383,5.325408444,0.982203765,8.008571161,4.93898626,4.718683412,0,0,0,1,0,0,0,0,0,0,0,0,0,0,0,0,0,0,0,0,0,0,0,0,0,0,0,0,0,0.143815262
1999,Latvia,3.658721772,4.752742114,0.238934177,5.689088533,-4.064652832,-6.349152679,0,0,0,0,1,0,0,0,0,0,0,0,0,0,0,0,0,0,0,0,0,0,0,0,0,0,0,0,0,0.093384864
2000,Latvia,6.866198613,4.176965677,0.089235415,6.060251749,6.792242856,14.39630481,0,0,0,0,0,1,0,0,0,0,0,0,0,0,0,0,0,0,0,0,0,0,0,0,0,0,0,0,0,0.04276512
2001,Latvia,7.844419566,2.118216,1.028948278,7.171029209,7.144481415,8.674998325,0,0,0,0,0,0,1,0,0,0,0,0,0,0,0,0,0,0,0,0,0,0,0,0,0,0,0,0,0,0.088050913
2002,Latvia,8.923681512,1.730891758,-0.505194343,6.578702602,11.45520855,4.927277252,0,0,0,0,0,0,0,1,0,0,0,0,0,0,0,0,0,0,0,0,0,0,0,0,0,0,0,0,0,0.05531775
2003,Latvia,9.48207219,2.816103396,0.763689728,10.02505658,3.216751137,4.1122791,0,0,0,0,0,0,0,0,1,0,0,0,0,0,0,0,0,0,0,0,0,0,0,0,0,0,0,0,0,0.102070732
2004,Latvia,9.918172996,4.278491065,0.615116447,9.567280543,6.366984094,13.88963808,0,0,0,0,0,0,0,0,0,1,0,0,0,0,0,0,0,0,0,0,0,0,0,0,0,0,0,0,0,0.059252346
2005,Latvia,12.82794095,4.966330751,1.384299867,14.18273514,5.141973335,23.67740475,0,0,0,0,0,0,0,0,0,0,1,0,0,0,0,0,0,0,0,0,0,0,0,0,0,0,0,0,0,-0.024862366
2006,Latvia,13.86469226,8.346825905,1.039983999,12.37777212,7.407297584,7.451986949,0,0,0,0,0,0,0,0,0,0,0,1,0,0,0,0,0,0,0,0,0,0,0,0,0,0,0,0,0,-0.035938989
2007,Latvia,11.3194013,9.222864096,2.615191762,10.97503167,-0.763737873,13.92130443,0,0,0,0,0,0,0,0,0,0,0,0,1,0,0,0,0,0,0,0,0,0,0,0,0,0,0,0,0,-0.05606812
2008,Latvia,-2.368036506,4.201743996,1.004329079,-0.724763706,-7.19108489,2.407098163,0,0,0,0,0,0,0,0,0,0,0,0,0,1,0,0,0,0,0,0,0,0,0,0,0,0,0,0,0,0.008084314
2009,Latvia,-14.6423128,-0.583936207,-0.753840707,-11.17254428,-21.83245532,-12.954454,0,0,0,0,0,0,0,0,0,0,0,0,0,0,1,0,0,0,0,0,0,0,0,0,0,0,0,0,0,-0.018665993
2010,Latvia,-1.635143791,2.023934814,0.438144498,-3.330339901,13.95676959,13.61606975,0,0,0,0,0,0,0,0,0,0,0,0,0,0,0,1,0,0,0,0,0,0,0,0,0,0,0,0,0,0.03185098
2011,Latvia,4.929579991,5.717733091,0.405738235,1.838547386,2.146541614,12.46084455,0,0,0,0,0,0,0,0,0,0,0,0,0,0,0,0,1,0,0,0,0,0,0,0,0,0,0,0,0,0.060251543
2012,Latvia,8.644499586,3.98573894,0.594861324,7.212004389,4.928008409,9.485020209,0,0,0,0,0,0,0,0,0,0,0,0,0,0,0,0,0,1,0,0,0,0,0,0,0,0,0,0,0,0.089504473
2013,Latvia,3.195451704,3.393521988,1.693986841,2.557144277,-0.788341851,0.659294479,0,0,0,0,0,0,0,0,0,0,0,0,0,0,0,0,0,0,1,0,0,0,0,0,0,0,0,0,0,0.047354059
2014,Latvia,3.060973817,3.451795315,2.29261439,2.61501851,-1.630970321,6.560652758,0,0,0,0,0,0,0,0,0,0,0,0,0,0,0,0,0,0,0,1,0,0,0,0,0,0,0,0,0,-0.069903882
2015,Latvia,4.636452127,3.085432583,0.546788966,3.114041817,4.425654776,3.055243966,0,0,0,0,0,0,0,0,0,0,0,0,0,0,0,0,0,0,0,0,1,0,0,0,0,0,0,0,0,0.011579976
2016,Latvia,3.4931864,1.236935052,0.904822331,3.03477562,1.707042511,3.89264632,0,0,0,0,0,0,0,0,0,0,0,0,0,0,0,0,0,0,0,0,0,1,0,0,0,0,0,0,0,-0.005534718
2017,Latvia,4.319358697,4.048800195,1.963716331,2.304719563,6.825466348,6.455424997,0,0,0,0,0,0,0,0,0,0,0,0,0,0,0,0,0,0,0,0,0,0,1,0,0,0,0,0,0,-0.013049375
2018,Latvia,5.125604221,1.320769006,-0.944918168,4.266791346,7.429432225,4.363056933,0,0,0,0,0,0,0,0,0,0,0,0,0,0,0,0,0,0,0,0,0,0,0,1,0,0,0,0,0,0.01015743
2019,Latvia,1.377746126,3.371002667,0.269315461,-0.22770031,1.033823694,-0.570168484,0,0,0,0,0,0,0,0,0,0,0,0,0,0,0,0,0,0,0,0,0,0,0,0,1,0,0,0,0,-0.006570446
2020,Latvia,-2.789963807,2.814135578,0.592187283,-5.169079799,0.76326755,-0.2976248,0,0,0,0,0,0,0,0,0,0,0,0,0,0,0,0,0,0,0,0,0,0,0,0,0,1,0,0,0,0.008716323
2021,Latvia,7.848195793,9.779360271,7.003462744,8.889107182,10.16567006,9.092544405,0,0,0,0,0,0,0,0,0,0,0,0,0,0,0,0,0,0,0,0,0,0,0,0,0,0,1,0,0,0.00546116
2022,Latvia,2.083419787,3.202408578,-0.441611701,5.522436686,-5.487422217,11.41995341,0,0,0,0,0,0,0,0,0,0,0,0,0,0,0,0,0,0,0,0,0,0,0,0,0,0,0,1,0,0.022944007
2023,Latvia,2.960389673,3.967542808,2.39583762,4.287327217,-5.043911304,-4.698237809,0,0,0,0,0,0,0,0,0,0,0,0,0,0,0,0,0,0,0,0,0,0,0,0,0,0,0,0,1,0.004007212
1996,Lithuania,5.828552841,1.807784756,0.001482763,4.358943566,3.918385806,25.84563366,0,1,0,0,0,0,0,0,0,0,0,0,0,0,0,0,0,0,0,0,0,0,0,0,0,0,0,0,0,0.008166589
1997,Lithuania,9.102660475,3.562921049,0.341134662,9.02920166,8.975178449,23.92018675,0,0,1,0,0,0,0,0,0,0,0,0,0,0,0,0,0,0,0,0,0,0,0,0,0,0,0,0,0,0.001324123
1998,Lithuania,8.244264266,8.138558136,-0.022588037,6.991768665,13.63577612,3.795785559,0,0,0,1,0,0,0,0,0,0,0,0,0,0,0,0,0,0,0,0,0,0,0,0,0,0,0,0,0,0.036934589
1999,Lithuania,-0.392806939,5.121870736,0.786601763,1.744167439,-2.892829407,-18.8250721,0,0,0,0,1,0,0,0,0,0,0,0,0,0,0,0,0,0,0,0,0,0,0,0,0,0,0,0,0,0.050347226
2000,Lithuania,4.148617929,3.292204288,0.044131541,4.157602961,12.17028667,14.02083887,0,0,0,0,0,1,0,0,0,0,0,0,0,0,0,0,0,0,0,0,0,0,0,0,0,0,0,0,0,0.153957469
2001,Lithuania,7.365190179,3.608258803,0.029973669,5.698447028,12.94536826,24.07251851,0,0,0,0,0,0,1,0,0,0,0,0,0,0,0,0,0,0,0,0,0,0,0,0,0,0,0,0,0,0.165040034
2002,Lithuania,7.579997637,4.626641628,-0.237976618,6.64470243,5.030715881,20.18955803,0,0,0,0,0,0,0,1,0,0,0,0,0,0,0,0,0,0,0,0,0,0,0,0,0,0,0,0,0,0.15447829
2003,Lithuania,11.45354178,1.155811323,0.40094431,8.436065639,13.49589172,9.073178459,0,0,0,0,0,0,0,0,1,0,0,0,0,0,0,0,0,0,0,0,0,0,0,0,0,0,0,0,0,0.070801728
2004,Lithuania,7.70478467,3.867275147,1.309514129,5.474106696,12.10779602,7.239982491,0,0,0,0,0,0,0,0,0,1,0,0,0,0,0,0,0,0,0,0,0,0,0,0,0,0,0,0,0,0.076239037
2005,Lithuania,9.500108219,4.951314034,2.097406411,7.334789706,9.279399205,19.8429945,0,0,0,0,0,0,0,0,0,0,1,0,0,0,0,0,0,0,0,0,0,0,0,0,0,0,0,0,0,0.078881026
2006,Lithuania,9.123676972,7.502216047,1.726699602,6.069333908,9.544109788,12.80725162,0,0,0,0,0,0,0,0,0,0,0,1,0,0,0,0,0,0,0,0,0,0,0,0,0,0,0,0,0,0.00250145
2007,Lithuania,12.40534514,6.548055653,2.202850296,10.71137542,4.721794424,3.193206174,0,0,0,0,0,0,0,0,0,0,0,0,1,0,0,0,0,0,0,0,0,0,0,0,0,0,0,0,0,0.02484469
2008,Lithuania,3.660124768,3.611220707,1.159866941,3.002054346,2.18977366,11.61761826,0,0,0,0,0,0,0,0,0,0,0,0,0,1,0,0,0,0,0,0,0,0,0,0,0,0,0,0,0,0.0140377
2009,Lithuania,-13.88775681,-0.960671174,1.612216739,-10.93833036,-16.03258577,-13.67587411,0,0,0,0,0,0,0,0,0,0,0,0,0,0,1,0,0,0,0,0,0,0,0,0,0,0,0,0,0,-0.002131801
2010,Lithuania,2.555336048,3.009695612,0.291594214,-0.150642661,8.786298719,16.3817317,0,0,0,0,0,0,0,0,0,0,0,0,0,0,0,1,0,0,0,0,0,0,0,0,0,0,0,0,0,-0.016473341
2011,Lithuania,8.752238923,4.355090151,1.888025949,4.249026489,10.35630875,14.54686706,0,0,0,0,0,0,0,0,0,0,0,0,0,0,0,0,1,0,0,0,0,0,0,0,0,0,0,0,0,0.003962958
2012,Lithuania,5.743976084,1.585560093,0.987827429,4.748424057,6.242467459,10.84753025,0,0,0,0,0,0,0,0,0,0,0,0,0,0,0,0,0,1,0,0,0,0,0,0,0,0,0,0,0,0.026498936
2013,Lithuania,5.026825169,1.660037165,0.716698415,4.135254379,4.382938487,7.269756573,0,0,0,0,0,0,0,0,0,0,0,0,0,0,0,0,0,0,1,0,0,0,0,0,0,0,0,0,0,0.056897739
2014,Lithuania,4.620352866,0.739699359,1.129717869,2.763760066,4.364582471,-1.822673226,0,0,0,0,0,0,0,0,0,0,0,0,0,0,0,0,0,0,0,1,0,0,0,0,0,0,0,0,0,0.067880899
2015,Lithuania,3.756324203,2.496221163,0.858519147,3.058029942,3.631182907,2.42251174,0,0,0,0,0,0,0,0,0,0,0,0,0,0,0,0,0,0,0,0,1,0,0,0,0,0,0,0,0,-0.042951654
2016,Lithuania,3.877440546,2.740314741,2.124502871,4.005908663,2.736575797,4.927677998,0,0,0,0,0,0,0,0,0,0,0,0,0,0,0,0,0,0,0,0,0,1,0,0,0,0,0,0,0,0.007558709
2017,Lithuania,5.88872607,2.897455723,0.944167797,4.543028764,5.978094413,13.53116062,0,0,0,0,0,0,0,0,0,0,0,0,0,0,0,0,0,0,0,0,0,0,1,0,0,0,0,0,0,-0.011247994
2018,Lithuania,5.790665482,2.395500851,1.916103113,5.699942371,4.673075674,6.840035142,0,0,0,0,0,0,0,0,0,0,0,0,0,0,0,0,0,0,0,0,0,0,0,1,0,0,0,0,0,0.00594604
2019,Lithuania,4.979383539,6.230353006,3.921074176,4.236266878,3.98491349,10.04138621,0,0,0,0,0,0,0,0,0,0,0,0,0,0,0,0,0,0,0,0,0,0,0,0,1,0,0,0,0,0.007444839
2020,Lithuania,0.068446214,7.943449004,6.843636825,-1.297776629,0.998983666,0.068054174,0,0,0,0,0,0,0,0,0,0,0,0,0,0,0,0,0,0,0,0,0,0,0,0,0,1,0,0,0,-0.020558727
2021,Lithuania,6.455358377,3.740642344,1.894595742,6.916790892,11.02961775,16.58490577,0,0,0,0,0,0,0,0,0,0,0,0,0,0,0,0,0,0,0,0,0,0,0,0,0,0,1,0,0,0.019121825
2022,Lithuania,1.6952855,3.405881082,-1.130547187,2.570822288,5.176270181,12.38787478,0,0,0,0,0,0,0,0,0,0,0,0,0,0,0,0,0,0,0,0,0,0,0,0,0,0,0,1,0,0.012414134
2023,Lithuania,-1.053576873,4.801504386,3.016012145,1.089202156,-3.839749058,-3.39657855,0,0,0,0,0,0,0,0,0,0,0,0,0,0,0,0,0,0,0,0,0,0,0,0,0,0,0,0,1,0.024519828
1996,Poland,6.013198116,2.798280777,0.034201209,9.573026007,-1.072438197,11.33167543,1,1,0,0,0,0,0,0,0,0,0,0,0,0,0,0,0,0,0,0,0,0,0,0,0,0,0,0,0,0.001002711
1997,Poland,6.289311515,3.070785068,0.02939448,9.665998633,-0.553477504,12.20128197,1,0,1,0,0,0,0,0,0,0,0,0,0,0,0,0,0,0,0,0,0,0,0,0,0,0,0,0,0,0.019012939
1998,Poland,4.584212344,3.641554854,0.190549792,7.201386223,0.201706905,14.24357958,1,0,0,1,0,0,0,0,0,0,0,0,0,0,0,0,0,0,0,0,0,0,0,0,0,0,0,0,0,0.017741681
1999,Poland,4.707878067,4.339078379,0.098415711,6.824236715,2.67301425,-2.514461769,1,0,0,0,1,0,0,0,0,0,0,0,0,0,0,0,0,0,0,0,0,0,0,0,0,0,0,0,0,0.068084271
2000,Poland,5.755022677,5.397403661,0.00462552,8.123551709,-0.187094081,23.60728893,1,0,0,0,0,1,0,0,0,0,0,0,0,0,0,0,0,0,0,0,0,0,0,0,0,0,0,0,0,0.052333257
2001,Poland,1.261675976,2.95949603,-0.066206799,2.135482854,-1.289012878,3.054803387,1,0,0,0,0,0,1,0,0,0,0,0,0,0,0,0,0,0,0,0,0,0,0,0,0,0,0,0,0,0.067773893
2002,Poland,1.948404863,2.048629658,0.095145352,3.2470285,2.084825316,4.826011134,1,0,0,0,0,0,0,1,0,0,0,0,0,0,0,0,0,0,0,0,0,0,0,0,0,0,0,0,0,0.070885863
2003,Poland,3.593265477,2.457434971,0.497343477,2.110218137,12.49186113,14.07969697,1,0,0,0,0,0,0,0,1,0,0,0,0,0,0,0,0,0,0,0,0,0,0,0,0,0,0,0,0,0.017500435
2004,Poland,5.152304957,5.411508457,0.83467094,3.435716591,15.1944111,4.715669827,1,0,0,0,0,0,0,0,0,1,0,0,0,0,0,0,0,0,0,0,0,0,0,0,0,0,0,0,0,0.065241935
2005,Poland,3.306214772,3.596417956,1.346580186,2.905170804,5.693048623,10.05950191,1,0,0,0,0,0,0,0,0,0,1,0,0,0,0,0,0,0,0,0,0,0,0,0,0,0,0,0,0,-0.02869929
2006,Poland,6.269429324,6.207906066,3.123178374,5.088910463,15.46127912,15.26544551,1,0,0,0,0,0,0,0,0,0,0,1,0,0,0,0,0,0,0,0,0,0,0,0,0,0,0,0,0,0.090282124
2007,Poland,6.818439881,5.825021771,1.765355565,5.642319907,14.13879575,10.17662432,1,0,0,0,0,0,0,0,0,0,0,0,1,0,0,0,0,0,0,0,0,0,0,0,0,0,0,0,0,0.124369245
2008,Poland,4.369536452,2.720999374,0.871152949,4.969028705,8.971617735,6.992556025,1,0,0,0,0,0,0,0,0,0,0,0,0,1,0,0,0,0,0,0,0,0,0,0,0,0,0,0,0,-0.043365266
2009,Poland,2.545616825,3.18105495,1.345229013,1.819582481,1.204117974,-6.035552783,1,0,0,0,0,0,0,0,0,0,0,0,0,0,1,0,0,0,0,0,0,0,0,0,0,0,0,0,0,-0.10875594
2010,Poland,3.464008539,3.944894621,2.015847217,0.46639101,10.67695391,12.58972256,1,0,0,0,0,0,0,0,0,0,0,0,0,0,0,1,0,0,0,0,0,0,0,0,0,0,0,0,0,-0.003855045
2011,Poland,5.198882223,3.571289577,0.90575224,3.005032203,5.54237645,7.744991922,1,0,0,0,0,0,0,0,0,0,0,0,0,0,0,0,1,0,0,0,0,0,0,0,0,0,0,0,0,0.103155686
2012,Poland,1.512024367,1.528860914,0.32500339,2.440385907,2.80069094,3.920005375,1,0,0,0,0,0,0,0,0,0,0,0,0,0,0,0,0,1,0,0,0,0,0,0,0,0,0,0,0,0.016488561
2013,Poland,0.745031977,0.258983447,-0.597861936,1.905051536,-3.693788943,5.060498359,1,0,0,0,0,0,0,0,0,0,0,0,0,0,0,0,0,0,1,0,0,0,0,0,0,0,0,0,0,0.03646627
2014,Poland,3.998318321,3.850891765,1.248399457,2.061688154,11.72612998,5.497597853,1,0,0,0,0,0,0,0,0,0,0,0,0,0,0,0,0,0,0,1,0,0,0,0,0,0,0,0,0,0.090824214
2015,Poland,4.501384676,3.29546178,1.055505995,4.550402403,7.172845477,6.608697412,1,0,0,0,0,0,0,0,0,0,0,0,0,0,0,0,0,0,0,0,1,0,0,0,0,0,0,0,0,-0.170025682
2016,Poland,3.075475283,3.816087214,2.958418443,3.317237644,5.320919002,8.959246327,1,0,0,0,0,0,0,0,0,0,0,0,0,0,0,0,0,0,0,0,0,1,0,0,0,0,0,0,0,0.050886307
2017,Poland,5.139335422,2.378128156,0.744572715,7.198431844,1.851862712,9.091990364,1,0,0,0,0,0,0,0,0,0,0,0,0,0,0,0,0,0,0,0,0,0,1,0,0,0,0,0,0,-0.018578927
2018,Poland,6.246071105,3.348039546,0.410012076,6.793683342,5.681484534,6.757367674,1,0,0,0,0,0,0,0,0,0,0,0,0,0,0,0,0,0,0,0,0,0,0,1,0,0,0,0,0,-0.030089628
2019,Poland,4.606007273,3.154556492,0.890848612,5.071005296,6.379084384,5.33745532,1,0,0,0,0,0,0,0,0,0,0,0,0,0,0,0,0,0,0,0,0,0,0,0,1,0,0,0,0,0.00859056
2020,Poland,-0.861202002,3.314990878,0.837247273,-1.581812539,-5.576925586,-1.075662343,1,0,0,0,0,0,0,0,0,0,0,0,0,0,0,0,0,0,0,0,0,0,0,0,0,1,0,0,0,0.004772632
2021,Poland,8.471718,5.443067847,1.482942882,9.344332037,-0.790623206,12.30316774,1,0,0,0,0,0,0,0,0,0,0,0,0,0,0,0,0,0,0,0,0,0,0,0,0,0,1,0,0,-0.051809255
2022,Poland,5.712275974,6.006260517,1.811797542,5.159452512,12.34268414,7.405650164,1,0,0,0,0,0,0,0,0,0,0,0,0,0,0,0,0,0,0,0,0,0,0,0,0,0,0,1,0,-0.040994669
2023,Poland,0.616853101,4.223761747,1.818817092,1.373171169,4.857244164,3.716713715,1,0,0,0,0,0,0,0,0,0,0,0,0,0,0,0,0,0,0,0,0,0,0,0,0,0,0,0,1,0.036026507
1996,Slovak Republic,5.89518838,1.244162146,0.169009976,4.2859983,1.704116995,-2.287135265,0,1,0,0,0,0,0,0,0,0,0,0,0,0,0,0,0,0,0,0,0,0,0,0,0,0,0,0,0,0.015038254
1997,Slovak Republic,5.291261369,0.6346171,0.3528318,7.444558446,6.840185277,13.9398122,0,0,1,0,0,0,0,0,0,0,0,0,0,0,0,0,0,0,0,0,0,0,0,0,0,0,0,0,0,-0.010673011
1998,Slovak Republic,3.686947843,2.157085254,0.765138883,1.005136108,16.55710817,-2.282891393,0,0,0,1,0,0,0,0,0,0,0,0,0,0,0,0,0,0,0,0,0,0,0,0,0,0,0,0,0,0.005154931
1999,Slovak Republic,-0.574779582,1.111267645,-1.283781475,2.632108592,-0.491166335,10.10808564,0,0,0,0,1,0,0,0,0,0,0,0,0,0,0,0,0,0,0,0,0,0,0,0,0,0,0,0,0,-0.003046302
2000,Slovak Republic,0.925761789,7.472411043,0.520770768,-1.095965107,12.95082183,8.175288607,0,0,0,0,0,1,0,0,0,0,0,0,0,0,0,0,0,0,0,0,0,0,0,0,0,0,0,0,0,0.012344605
2001,Slovak Republic,3.113698918,4.987799112,0.079837282,3.2112669,16.593715,11.02800334,0,0,0,0,0,0,1,0,0,0,0,0,0,0,0,0,0,0,0,0,0,0,0,0,0,0,0,0,0,0.112225874
2002,Slovak Republic,4.455218718,11.95232746,0.316364503,2.079886367,2.888303645,7.405231399,0,0,0,0,0,0,0,1,0,0,0,0,0,0,0,0,0,0,0,0,0,0,0,0,0,0,0,0,0,0.026314368
2003,Slovak Republic,4.925739495,2.07910893,0.929967117,1.474877282,16.94272242,19.72305674,0,0,0,0,0,0,0,0,1,0,0,0,0,0,0,0,0,0,0,0,0,0,0,0,0,0,0,0,0,0.005936542
2004,Slovak Republic,5.41095987,7.102097429,0.007203074,0.436212828,20.65934696,21.12941902,0,0,0,0,0,0,0,0,0,1,0,0,0,0,0,0,0,0,0,0,0,0,0,0,0,0,0,0,0,0.055304564
2005,Slovak Republic,6.474487485,6.272820579,1.621576831,5.872340314,13.1625842,12.62488257,0,0,0,0,0,0,0,0,0,0,1,0,0,0,0,0,0,0,0,0,0,0,0,0,0,0,0,0,0,0.011485809
2006,Slovak Republic,8.92067972,8.058361262,0.705355165,7.021994646,12.38446608,22.8240188,0,0,0,0,0,0,0,0,0,0,0,1,0,0,0,0,0,0,0,0,0,0,0,0,0,0,0,0,0,-0.020976558
2007,Slovak Republic,10.78629912,5.841743723,1.898115301,11.01477982,10.03633259,14.45296763,0,0,0,0,0,0,0,0,0,0,0,0,1,0,0,0,0,0,0,0,0,0,0,0,0,0,0,0,0,0.097722003
2008,Slovak Republic,5.273061263,4.602686328,0.519539086,5.496752863,2.840648568,3.008148972,0,0,0,0,0,0,0,0,0,0,0,0,0,1,0,0,0,0,0,0,0,0,0,0,0,0,0,0,0,0.015869553
2009,Slovak Republic,-5.631175103,1.702521412,2.791165319,-1.24939065,-15.28248086,-16.36356667,0,0,0,0,0,0,0,0,0,0,0,0,0,0,1,0,0,0,0,0,0,0,0,0,0,0,0,0,0,0.022632283
2010,Slovak Republic,6.691108446,2.322228934,1.360679595,6.414624027,27.25615271,18.03675475,0,0,0,0,0,0,0,0,0,0,0,0,0,0,0,1,0,0,0,0,0,0,0,0,0,0,0,0,0,0.12447496
2011,Slovak Republic,2.430269586,5.447657476,2.705950927,0.882509408,4.947574669,10.08952708,0,0,0,0,0,0,0,0,0,0,0,0,0,0,0,0,1,0,0,0,0,0,0,0,0,0,0,0,0,0.094428581
2012,Slovak Republic,1.396463718,1.87551069,-1.300842161,2.827195086,-0.03636742,9.210164849,0,0,0,0,0,0,0,0,0,0,0,0,0,0,0,0,0,1,0,0,0,0,0,0,0,0,0,0,0,0.02113034
2013,Slovak Republic,0.59516788,1.012668786,1.287875391,2.556576607,-0.534446611,5.381527288,0,0,0,0,0,0,0,0,0,0,0,0,0,0,0,0,0,0,1,0,0,0,0,0,0,0,0,0,0,0.052646852
2014,Slovak Republic,2.608326499,-0.356803047,0.274509536,-3.072216896,21.47791707,3.301242796,0,0,0,0,0,0,0,0,0,0,0,0,0,0,0,0,0,0,0,1,0,0,0,0,0,0,0,0,0,0.100342175
2015,Slovak Republic,5.076972909,1.704871225,1.590395007,4.305134043,13.00239952,6.752419761,0,0,0,0,0,0,0,0,0,0,0,0,0,0,0,0,0,0,0,0,1,0,0,0,0,0,0,0,0,0.084999398
2016,Slovak Republic,1.8164696,5.277707007,4.507949113,3.593855471,-1.358436564,4.902479747,0,0,0,0,0,0,0,0,0,0,0,0,0,0,0,0,0,0,0,0,0,1,0,0,0,0,0,0,0,0.069864012
2017,Slovak Republic,2.715217096,4.399864246,1.561668255,2.976146377,0.996003966,3.641691433,0,0,0,0,0,0,0,0,0,0,0,0,0,0,0,0,0,0,0,0,0,0,1,0,0,0,0,0,0,-0.044717037
2018,Slovak Republic,3.918085065,2.112695316,0.898546038,2.246514717,12.50345429,5.476424785,0,0,0,0,0,0,0,0,0,0,0,0,0,0,0,0,0,0,0,0,0,0,0,1,0,0,0,0,0,0.008412301
2019,Slovak Republic,2.137584707,2.153945486,-0.161475919,1.753662531,5.686652543,1.356555133,0,0,0,0,0,0,0,0,0,0,0,0,0,0,0,0,0,0,0,0,0,0,0,0,1,0,0,0,0,-0.004967737
2020,Slovak Republic,-2.669028492,-1.059756667,1.508264969,0.33281286,-11.64602573,-6.355353069,0,0,0,0,0,0,0,0,0,0,0,0,0,0,0,0,0,0,0,0,0,0,0,0,0,1,0,0,0,0.010656995
2021,Slovak Republic,5.924293529,2.255849336,1.001319935,7.357081897,-5.110740889,10.66107351,0,0,0,0,0,0,0,0,0,0,0,0,0,0,0,0,0,0,0,0,0,0,0,0,0,0,1,0,0,0.000552912
2022,Slovak Republic,0.723874225,4.165436078,1.765590169,1.999962879,3.652730053,2.76942437,0,0,0,0,0,0,0,0,0,0,0,0,0,0,0,0,0,0,0,0,0,0,0,0,0,0,0,1,0,-0.036182478
2023,Slovak Republic,2.262509038,-0.244772213,-0.310444445,5.848474491,-3.498246041,-0.671607266,0,0,0,0,0,0,0,0,0,0,0,0,0,0,0,0,0,0,0,0,0,0,0,0,0,0,0,0,1,0.001032829
1996,Slovenia,2.977996078,0.807146507,0.033534073,1.083223947,5.34883435,2.971848808,0,1,0,0,0,0,0,0,0,0,0,0,0,0,0,0,0,0,0,0,0,0,0,0,0,0,0,0,0,-0.003441118
1997,Slovenia,5.312840812,1.613846465,0.149081781,4.019922236,7.617232125,11.63462379,0,0,1,0,0,0,0,0,0,0,0,0,0,0,0,0,0,0,0,0,0,0,0,0,0,0,0,0,0,0.015401198
1998,Slovenia,3.288871703,0.977848343,-0.024933546,3.674211997,1.70955685,7.821856519,0,0,0,1,0,0,0,0,0,0,0,0,0,0,0,0,0,0,0,0,0,0,0,0,0,0,0,0,0,0.005769173
1999,Slovenia,5.192840027,0.4714797,0.210971686,4.594581627,3.136357879,2.004495929,0,0,0,0,1,0,0,0,0,0,0,0,0,0,0,0,0,0,0,0,0,0,0,0,0,0,0,0,0,0.022424562
2000,Slovenia,3.191941183,0.673638153,0.323921734,3.487391678,8.714851517,12.59251922,0,0,0,0,0,1,0,0,0,0,0,0,0,0,0,0,0,0,0,0,0,0,0,0,0,0,0,0,0,0.00192315
2001,Slovenia,2.66685838,2.424902916,0.631384339,4.444342139,4.727412064,7.182549364,0,0,0,0,0,0,1,0,0,0,0,0,0,0,0,0,0,0,0,0,0,0,0,0,0,0,0,0,0,0.025327165
2002,Slovenia,3.154679906,7.968263578,1.471057418,3.351675027,4.981252959,7.782316043,0,0,0,0,0,0,0,1,0,0,0,0,0,0,0,0,0,0,0,0,0,0,0,0,0,0,0,0,0,0.048683965
2003,Slovenia,3.132826648,1.824214953,2.417868176,3.561699577,6.346115262,3.160498796,0,0,0,0,0,0,0,0,1,0,0,0,0,0,0,0,0,0,0,0,0,0,0,0,0,0,0,0,0,0.089462564
2004,Slovenia,4.479064928,2.234124717,1.40997833,3.729740167,5.904506574,13.04246874,0,0,0,0,0,0,0,0,0,1,0,0,0,0,0,0,0,0,0,0,0,0,0,0,0,0,0,0,0,-0.050247141
2005,Slovenia,3.674398812,2.700572232,2.946761605,4.06029134,3.751658976,11.36390886,0,0,0,0,0,0,0,0,0,0,1,0,0,0,0,0,0,0,0,0,0,0,0,0,0,0,0,0,0,0.007947038
2006,Slovenia,5.571349667,1.762646588,2.308988579,4.880103731,6.971349368,14.12253829,0,0,0,0,0,0,0,0,0,0,0,1,0,0,0,0,0,0,0,0,0,0,0,0,0,0,0,0,0,0.045623102
2007,Slovenia,6.541772412,3.935872769,4.627863404,5.70283547,8.868712475,13.85779974,0,0,0,0,0,0,0,0,0,0,0,0,1,0,0,0,0,0,0,0,0,0,0,0,0,0,0,0,0,-0.001588975
2008,Slovenia,3.208894122,1.946955128,2.400026429,3.467291598,0.99988116,4.183343481,0,0,0,0,0,0,0,0,0,0,0,0,0,1,0,0,0,0,0,0,0,0,0,0,0,0,0,0,0,-0.022463535
2009,Slovenia,-8.422088689,-0.694282375,0.68033961,-3.194191675,-15.68295743,-16.53269445,0,0,0,0,0,0,0,0,0,0,0,0,0,0,1,0,0,0,0,0,0,0,0,0,0,0,0,0,0,0.003588674
2010,Slovenia,0.672167911,0.667761282,0.417530797,1.875137848,7.335707203,10.32286359,0,0,0,0,0,0,0,0,0,0,0,0,0,0,0,1,0,0,0,0,0,0,0,0,0,0,0,0,0,0.018841382
2011,Slovenia,0.446560895,1.710859603,-0.027383996,0.566929785,2.772051637,6.690267939,0,0,0,0,0,0,0,0,0,0,0,0,0,0,0,0,1,0,0,0,0,0,0,0,0,0,0,0,0,0.021897023
2012,Slovenia,-3.119224817,0.072644639,-1.226445422,-1.839680512,-2.753944847,0.746699874,0,0,0,0,0,0,0,0,0,0,0,0,0,0,0,0,0,1,0,0,0,0,0,0,0,0,0,0,0,-0.003149402
2013,Slovenia,-0.958293258,0.217315882,0.067029386,0.213743713,-0.254010824,2.795647029,0,0,0,0,0,0,0,0,0,0,0,0,0,0,0,0,0,0,1,0,0,0,0,0,0,0,0,0,0,-0.008919532
2014,Slovenia,2.66181374,2.058753104,0.429501967,2.789035837,4.783789951,5.830558577,0,0,0,0,0,0,0,0,0,0,0,0,0,0,0,0,0,0,0,1,0,0,0,0,0,0,0,0,0,-0.002431365
2015,Slovenia,2.316344918,4.050968483,0.762815307,2.426960114,3.643383497,5.430431683,0,0,0,0,0,0,0,0,0,0,0,0,0,0,0,0,0,0,0,0,1,0,0,0,0,0,0,0,0,0.01061954
2016,Slovenia,2.959024148,3.265413953,1.078288774,3.145458075,5.395117913,6.430411644,0,0,0,0,0,0,0,0,0,0,0,0,0,0,0,0,0,0,0,0,0,1,0,0,0,0,0,0,0,0.017729719
2017,Slovenia,5.105893848,2.484214136,1.310552257,4.907197242,7.808103609,11.07037672,0,0,0,0,0,0,0,0,0,0,0,0,0,0,0,0,0,0,0,0,0,0,1,0,0,0,0,0,0,0.014519792
2018,Slovenia,4.001306499,2.8648991,0.836110837,3.851523809,3.688932727,6.155380295,0,0,0,0,0,0,0,0,0,0,0,0,0,0,0,0,0,0,0,0,0,0,0,1,0,0,0,0,0,-0.021993765
2019,Slovenia,2.787045414,3.990986121,2.401412999,2.593523159,7.055381725,4.480615307,0,0,0,0,0,0,0,0,0,0,0,0,0,0,0,0,0,0,0,0,0,0,0,0,1,0,0,0,0,-0.009959851
2020,Slovenia,-4.72524968,0.948340848,1.548864824,-3.770705647,-2.34689291,-8.530735655,0,0,0,0,0,0,0,0,0,0,0,0,0,0,0,0,0,0,0,0,0,0,0,0,0,1,0,0,0,-0.011330934
2021,Slovenia,8.098635245,3.606815713,2.753184564,8.478978015,8.930787337,14.4759998,0,0,0,0,0,0,0,0,0,0,0,0,0,0,0,0,0,0,0,0,0,0,0,0,0,0,1,0,0,0.010064549
2022,Slovenia,2.504885485,3.638372278,1.387377154,4.134474875,-3.384287168,6.765809735,0,0,0,0,0,0,0,0,0,0,0,0,0,0,0,0,0,0,0,0,0,0,0,0,0,0,0,1,0,0.000255051
2023,Slovenia,1.708804225,2.093516423,1.199019976,1.170246871,1.347117742,-1.981559414,0,0,0,0,0,0,0,0,0,0,0,0,0,0,0,0,0,0,0,0,0,0,0,0,0,0,0,0,1,-0.031835743
,,,,,,,,,,,,,,,,,,,,,,,,,,,,,,,,,,,,,0.004304909
,,,,,,,,,,,,,,,,,,,,,,,,,,,,,,,,,,,,,0.001816393
,,,,,,,,,,,,,,,,,,,,,,,,,,,,,,,,,,,,,0.013889287
,,,,,,,,,,,,,,,,,,,,,,,,,,,,,,,,,,,,,-0.003953497
,,,,,,,,,,,,,,,,,,,,,,,,,,,,,,,,,,,,,0.002854093
,,,,,,,,,,,,,,,,,,,,,,,,,,,,,,,,,,,,,-0.003506169
,,,,,,,,,,,,,,,,,,,,,,,,,,,,,,,,,,,,,-0.00500502
,,,,,,,,,,,,,,,,,,,,,,,,,,,,,,,,,,,,,0.026572253
